生成序号,序列,与基因组的匹配程度,选择依据（反比）,选择依据（负指数）
317,CCTAG,250,0.4,0.082084999
383,CTAGA,300,0.333333333,0.049787068
668,TCTAG,300,0.333333333,0.049787068
101,ACTAG,513,0.194931774,0.00591656
385,CTAGT,513,0.194931774,0.00591656
384,CTAGC,707,0.141442716,0.000850233
650,TCCTA,1144,0.087412587,1.07565E-05
299,CCCTA,1714,0.058343057,3.59909E-08
543,GTCTA,1959,0.051046452,3.10578E-09
598,TAGAC,1959,0.051046452,3.10578E-09
377,CTAAG,1990,0.050251256,2.27793E-09
419,CTTAG,1990,0.050251256,2.27793E-09
315,CCTAA,2355,0.042462845,5.92059E-11
275,CCAAG,2362,0.042337003,5.52032E-11
666,TCTAA,2386,0.041911148,4.34244E-11
734,TTAGA,2386,0.041911148,4.34244E-11
593,TACTA,2392,0.04180602,4.08955E-11
605,TAGTA,2392,0.04180602,4.08955E-11
83,ACCTA,2511,0.039824771,1.24413E-11
318,CCTAT,2618,0.038197097,4.26747E-12
639,TCCAA,2627,0.038066235,3.90017E-12
538,GTCCC,2679,0.037327361,2.31873E-12
401,CTCTA,2723,0.036724201,1.49335E-12
599,TAGAG,2723,0.036724201,1.49335E-12
300,CCCTC,2824,0.035410765,5.43906E-13
498,GCCTA,2876,0.034770515,3.23363E-13
293,CCCCC,2975,0.033613445,1.20154E-13
453,GACTA,2986,0.033489618,1.07638E-13
457,GAGAC,2986,0.033489618,1.07638E-13
544,GTCTC,2986,0.033489618,1.07638E-13
606,TAGTC,2986,0.033489618,1.07638E-13
316,CCTAC,3022,0.033090668,7.50967E-14
539,GTCCT,3038,0.032916392,6.39932E-14
320,CCTCC,3134,0.031908105,2.45025E-14
185,ATCTA,3144,0.031806616,2.21708E-14
600,TAGAT,3144,0.031806616,2.21708E-14
386,CTATA,3299,0.030312216,4.70571E-15
611,TATAG,3299,0.030312216,4.70571E-15
146,AGTAG,3300,0.03030303,4.65889E-15
382,CTACT,3300,0.03030303,4.65889E-15
149,AGTCC,3337,0.029967036,3.21805E-15
112,ACTTG,3361,0.02975305,2.53141E-15
226,CAAGT,3361,0.02975305,2.53141E-15
597,TAGAA,3481,0.028727377,7.62446E-16
752,TTCTA,3481,0.028727377,7.62446E-16
121,AGACT,3496,0.028604119,6.56243E-16
151,AGTCT,3496,0.028604119,6.56243E-16
140,AGCTA,3561,0.028081999,3.42589E-16
604,TAGCT,3561,0.028081999,3.42589E-16
454,GACTC,3569,0.028019053,3.1625E-16
463,GAGTC,3569,0.028019053,3.1625E-16
99,ACTAA,3630,0.027548209,1.71834E-16
736,TTAGT,3630,0.027548209,1.71834E-16
26,AACTA,3637,0.027495188,1.60217E-16
608,TAGTT,3637,0.027495188,1.60217E-16
295,CCCCT,3669,0.027255383,1.16342E-16
531,GTATA,3676,0.027203482,1.08476E-16
610,TATAC,3676,0.027203482,1.08476E-16
77,ACCCC,3687,0.027122322,9.71768E-17
448,GACCC,3735,0.026773762,6.01314E-17
203,ATTAG,3765,0.026560425,4.45464E-17
378,CTAAT,3765,0.026560425,4.45464E-17
395,CTCCC,3771,0.026518165,4.19522E-17
89,ACGAG,3809,0.02625361,2.86895E-17
400,CTCGT,3809,0.02625361,2.86895E-17
647,TCCGA,3818,0.026191723,2.62202E-17
397,CTCCT,3966,0.025214322,5.96872E-18
84,ACCTC,4029,0.024820055,3.17889E-18
105,ACTCG,4053,0.024673082,2.5006E-18
340,CGAGT,4053,0.024673082,2.5006E-18
260,CATAG,4086,0.024473813,1.79774E-18
388,CTATG,4086,0.024473813,1.79774E-18
575,TAAGA,4120,0.024271845,1.27958E-18
677,TCTTA,4120,0.024271845,1.27958E-18
167,ATAGA,4131,0.024207214,1.14629E-18
669,TCTAT,4131,0.024207214,1.14629E-18
322,CCTCT,4166,0.024003841,8.07778E-19
601,TAGCA,4180,0.023923445,7.02248E-19
707,TGCTA,4180,0.023923445,7.02248E-19
319,CCTCA,4206,0.023775559,5.4147E-19
552,GTGTA,4219,0.023702299,4.75462E-19
583,TACAC,4219,0.023702299,4.75462E-19
242,CACTA,4236,0.023607177,4.01131E-19
607,TAGTG,4236,0.023607177,4.01131E-19
402,CTCTC,4241,0.023579344,3.81567E-19
646,TCCCT,4253,0.023512814,3.3842E-19
460,GAGCC,4262,0.023463163,3.09292E-19
110,ACTTA,4306,0.023223409,1.99196E-19
577,TAAGT,4306,0.023223409,1.99196E-19
61,ACACA,4315,0.023174971,1.82051E-19
721,TGTGT,4315,0.023174971,1.82051E-19
379,CTACA,4328,0.02310536,1.59858E-19
713,TGTAG,4328,0.02310536,1.59858E-19
376,CTAAC,4345,0.02301496,1.34867E-19
64,ACACT,4357,0.022951572,1.19616E-19
154,AGTGT,4357,0.022951572,1.19616E-19
288,CCCAA,4358,0.022946306,1.18426E-19
716,TGTCC,4413,0.022660322,6.83258E-20
59,ACAAG,4451,0.022466861,4.67254E-20
427,CTTGT,4451,0.022466861,4.67254E-20
326,CCTTA,4463,0.022406453,4.14417E-20
462,GAGTA,4472,0.02236136,3.78748E-20
594,TACTC,4472,0.02236136,3.78748E-20
528,GTAGA,4490,0.022271715,3.16357E-20
667,TCTAC,4490,0.022271715,3.16357E-20
102,ACTAT,4540,0.022026432,1.9188E-20
169,ATAGT,4540,0.022026432,1.9188E-20
104,ACTCC,4541,0.022021581,1.89971E-20
79,ACCCT,4553,0.021963541,1.68489E-20
100,ACTAC,4568,0.021891419,1.4502E-20
530,GTAGT,4568,0.021891419,1.4502E-20
445,GACAC,4583,0.021819769,1.2482E-20
553,GTGTC,4583,0.021819769,1.2482E-20
651,TCCTC,4625,0.021621622,8.20125E-21
63,ACACG,4636,0.021570319,7.34696E-21
370,CGTGT,4636,0.021570319,7.34696E-21
321,CCTCG,4671,0.021408692,5.17732E-21
499,GCCTC,4699,0.021281124,3.91293E-21
106,ACTCT,4732,0.021132713,2.8131E-21
124,AGAGT,4732,0.021132713,2.8131E-21
243,CACTC,4766,0.020981956,2.00228E-21
328,CCTTG,4768,0.020973154,1.96263E-21
398,CTCGA,4786,0.020894275,1.63933E-21
656,TCGAG,4786,0.020894275,1.63933E-21
392,CTCAG,4801,0.020828994,1.41098E-21
407,CTGAG,4801,0.020828994,1.41098E-21
425,CTTGA,4802,0.020824656,1.39694E-21
626,TCAAG,4802,0.020824656,1.39694E-21
590,TACGA,4807,0.020802996,1.32881E-21
662,TCGTA,4807,0.020802996,1.32881E-21
305,CCGAG,4862,0.020567668,7.66659E-22
224,CAAGA,4905,0.02038736,4.98719E-22
679,TCTTG,4905,0.02038736,4.98719E-22
119,AGACC,4934,0.020267531,3.73173E-22
375,CTAAA,4935,0.020263425,3.6946E-22
770,TTTAG,4935,0.020263425,3.6946E-22
197,ATGTA,4945,0.020222447,3.34301E-22
585,TACAT,4945,0.020222447,3.34301E-22
147,AGTAT,4996,0.020016013,2.00746E-22
166,ATACT,4996,0.020016013,2.00746E-22
302,CCCTT,5061,0.019758941,1.04799E-22
68,ACATA,5069,0.019727757,9.67415E-23
619,TATGT,5069,0.019727757,9.67415E-23
670,TCTCA,5072,0.019716088,9.38823E-23
689,TGAGA,5072,0.019716088,9.38823E-23
294,CCCCG,5079,0.019688915,8.75353E-23
118,AGACA,5097,0.019619384,7.31156E-23
718,TGTCT,5097,0.019619384,7.31156E-23
653,TCCTT,5099,0.019611689,7.16678E-23
38,AAGTA,5105,0.019588639,6.74942E-23
596,TACTT,5105,0.019588639,6.74942E-23
537,GTCCA,5122,0.019523624,5.69425E-23
141,AGCTC,5154,0.019402406,4.13488E-23
461,GAGCT,5154,0.019402406,4.13488E-23
418,CTTAC,5185,0.019286403,3.03271E-23
232,CACAC,5191,0.019264111,2.8561E-23
643,TCCCA,5195,0.019249278,2.74411E-23
514,GCTCC,5248,0.019054878,1.6152E-23
644,TCCCC,5263,0.01900057,1.39021E-23
362,CGTAG,5296,0.018882175,9.99457E-24
381,CTACG,5296,0.018882175,9.99457E-24
449,GACCT,5305,0.018850141,9.13435E-24
396,CTCCG,5321,0.01879346,7.78378E-24
525,GTACA,5358,0.01866368,5.37652E-24
712,TGTAC,5358,0.01866368,5.37652E-24
170,ATATA,5376,0.01860119,4.49085E-24
612,TATAT,5376,0.01860119,4.49085E-24
582,TACAA,5380,0.018587361,4.31476E-24
764,TTGTA,5380,0.018587361,4.31476E-24
39,AAGTC,5417,0.018460402,2.98035E-24
455,GACTT,5417,0.018460402,2.98035E-24
163,ATACA,5439,0.018385733,2.39179E-24
714,TGTAT,5439,0.018385733,2.39179E-24
44,AATAG,5445,0.018365473,2.2525E-24
389,CTATT,5445,0.018365473,2.2525E-24
145,AGTAC,5456,0.018328446,2.01787E-24
527,GTACT,5456,0.018328446,2.01787E-24
338,CGAGA,5463,0.018304961,1.88145E-24
672,TCTCG,5463,0.018304961,1.88145E-24
97,ACGTG,5535,0.018066847,9.158E-25
241,CACGT,5535,0.018066847,9.158E-25
296,CCCGA,5554,0.018005041,7.57329E-25
95,ACGTA,5557,0.017995321,7.34946E-25
592,TACGT,5557,0.017995321,7.34946E-25
391,CTCAC,5584,0.017908309,5.61043E-25
31,AAGAC,5632,0.017755682,3.47164E-25
545,GTCTT,5632,0.017755682,3.47164E-25
380,CTACC,5653,0.017689722,2.81406E-25
602,TAGCC,5659,0.017670967,2.65018E-25
493,GCCCC,5661,0.017664724,2.5977E-25
494,GCCCT,5728,0.017458101,1.32927E-25
70,ACATG,5737,0.017430713,1.21486E-25
268,CATGT,5737,0.017430713,1.21486E-25
628,TCACA,5760,0.017361111,9.65246E-26
719,TGTGA,5760,0.017361111,9.65246E-26
609,TATAA,5811,0.017208742,5.79626E-26
737,TTATA,5811,0.017208742,5.79626E-26
387,CTATC,5812,0.017205781,5.73858E-26
259,CATAC,5815,0.017196905,5.56898E-26
292,CCCCA,5863,0.017056115,3.44599E-26
150,AGTCG,5870,0.017035775,3.21302E-26
337,CGACT,5870,0.017035775,3.21302E-26
589,TACCT,5880,0.017006803,2.90726E-26
365,CGTCC,5895,0.016963528,2.50231E-26
155,AGTTA,5900,0.016949153,2.38027E-26
574,TAACT,5900,0.016949153,2.38027E-26
123,AGAGC,6009,0.016641704,8.00285E-27
515,GCTCT,6009,0.016641704,8.00285E-27
289,CCCAC,6087,0.016428454,3.66855E-27
394,CTCCA,6095,0.016406891,3.3865E-27
103,ACTCA,6109,0.016369291,2.94408E-27
691,TGAGT,6109,0.016369291,2.94408E-27
711,TGTAA,6157,0.016241676,1.82175E-27
730,TTACA,6157,0.016241676,1.82175E-27
148,AGTCA,6214,0.016092694,1.03025E-27
688,TGACT,6214,0.016092694,1.03025E-27
161,ATAAG,6215,0.016090105,1.01999E-27
420,CTTAT,6215,0.016090105,1.01999E-27
649,TCCGT,6228,0.016056519,8.95653E-28
671,TCTCC,6230,0.016051364,8.77918E-28
67,ACAGT,6263,0.015966789,6.31156E-28
109,ACTGT,6263,0.015966789,6.31156E-28
191,ATGAG,6279,0.015926103,5.37836E-28
393,CTCAT,6279,0.015926103,5.37836E-28
225,CAAGC,6296,0.0158831,4.53753E-28
239,CACGA,6364,0.015713388,2.29879E-28
664,TCGTG,6364,0.015713388,2.29879E-28
298,CCCGT,6397,0.015632328,1.65265E-28
134,AGCCC,6415,0.015588465,1.38041E-28
199,ATGTG,6432,0.015547264,1.16461E-28
234,CACAT,6432,0.015547264,1.16461E-28
417,CTTAA,6437,0.015535187,1.10781E-28
728,TTAAG,6437,0.015535187,1.10781E-28
136,AGCCT,6478,0.015436863,7.35197E-29
291,CCCAT,6496,0.015394089,6.14088E-29
511,GCTAC,6497,0.015391719,6.07978E-29
529,GTAGC,6497,0.015391719,6.07978E-29
414,CTGTC,6519,0.015339776,4.87913E-29
617,TATGA,6540,0.01529052,3.95495E-29
635,TCATA,6540,0.01529052,3.95495E-29
534,GTCAA,6550,0.015267176,3.57859E-29
757,TTGAC,6550,0.015267176,3.57859E-29
526,GTACC,6556,0.015253203,3.37019E-29
122,AGAGA,6563,0.015236934,3.14234E-29
673,TCTCT,6563,0.015236934,3.14234E-29
27,AACTC,6628,0.015087508,1.64045E-29
464,GAGTT,6628,0.015087508,1.64045E-29
510,GCTAA,6664,0.015006002,1.1445E-29
735,TTAGC,6664,0.015006002,1.1445E-29
165,ATACG,6669,0.014994752,1.08868E-29
363,CGTAT,6669,0.014994752,1.08868E-29
233,CACAG,6678,0.014974543,9.9498E-30
415,CTGTG,6678,0.014974543,9.9498E-30
37,AAGCT,6692,0.014943216,8.64994E-30
143,AGCTT,6692,0.014943216,8.64994E-30
587,TACCC,6700,0.014925373,7.9849E-30
361,CGTAC,6708,0.014907573,7.371E-30
65,ACAGA,6732,0.014854427,5.79823E-30
676,TCTGT,6732,0.014854427,5.79823E-30
339,CGAGC,6733,0.01485222,5.74054E-30
413,CTGTA,6738,0.014841199,5.46057E-30
584,TACAG,6738,0.014841199,5.46057E-30
236,CACCC,6749,0.01481701,4.89176E-30
519,GCTTA,6938,0.014413376,7.39007E-31
576,TAAGC,6938,0.014413376,7.39007E-31
255,CAGTC,6945,0.014398848,6.89046E-31
198,ATGTC,6963,0.014361626,5.7554E-31
446,GACAT,6963,0.014361626,5.7554E-31
248,CAGAG,6983,0.014320493,4.71212E-31
403,CTCTG,6983,0.014320493,4.71212E-31
436,GAACC,7001,0.014283674,3.93589E-31
181,ATCCT,7008,0.014269406,3.6698E-31
390,CTCAA,7042,0.014200511,2.61206E-31
758,TTGAG,7042,0.014200511,2.61206E-31
76,ACCCA,7148,0.013989927,9.04962E-32
96,ACGTC,7169,0.013948947,7.33548E-32
452,GACGT,7169,0.013948947,7.33548E-32
442,GAATC,7181,0.013925637,6.50599E-32
475,GATTC,7181,0.013925637,6.50599E-32
311,CCGTA,7235,0.0138217,3.79135E-32
284,CCATA,7249,0.013795006,3.29604E-32
654,TCGAA,7252,0.0137893,3.19863E-32
749,TTCGA,7252,0.0137893,3.19863E-32
20,AACCC,7260,0.013774105,2.95271E-32
685,TGACA,7276,0.013743815,2.51613E-32
715,TGTCA,7276,0.013743815,2.51613E-32
88,ACGAC,7310,0.013679891,1.79091E-32
542,GTCGT,7310,0.013679891,1.79091E-32
168,ATAGC,7353,0.013599891,1.165E-32
512,GCTAT,7353,0.013599891,1.165E-32
280,CCACT,7415,0.013486177,6.26706E-33
29,AACTT,7432,0.013455328,5.2873E-33
41,AAGTT,7432,0.013455328,5.2873E-33
120,AGACG,7433,0.013453518,5.23469E-33
367,CGTCT,7433,0.013453518,5.23469E-33
466,GATAC,7454,0.013415616,4.24316E-33
532,GTATC,7454,0.013415616,4.24316E-33
399,CTCGC,7463,0.013399437,3.87796E-33
144,AGTAA,7477,0.013374348,3.37133E-33
733,TTACT,7477,0.013374348,3.37133E-33
645,TCCCG,7519,0.013299641,2.21512E-33
172,ATATG,7520,0.013297872,2.19308E-33
261,CATAT,7520,0.013297872,2.19308E-33
32,AAGAG,7523,0.013292569,2.12827E-33
404,CTCTT,7523,0.013292569,2.12827E-33
571,TAACA,7525,0.013289037,2.08612E-33
722,TGTTA,7525,0.013289037,2.08612E-33
231,CACAA,7533,0.013274924,1.92574E-33
766,TTGTG,7533,0.013274924,1.92574E-33
207,ATTCG,7581,0.013190872,1.19161E-33
333,CGAAT,7581,0.013190872,1.19161E-33
153,AGTGC,7638,0.013092433,6.73888E-34
482,GCACT,7638,0.013092433,6.73888E-34
117,AGAAT,7683,0.013015749,4.2969E-34
208,ATTCT,7683,0.013015749,4.2969E-34
276,CCAAT,7692,0.01300052,3.92707E-34
642,TCCAT,7712,0.012966805,3.21521E-34
426,CTTGC,7715,0.012961763,3.12019E-34
640,TCCAC,7720,0.012953368,2.96801E-34
238,CACCT,7732,0.012933264,2.63239E-34
549,GTGCA,7733,0.012931592,2.6062E-34
697,TGCAC,7733,0.012931592,2.6062E-34
486,GCATA,7755,0.012894907,2.09152E-34
618,TATGC,7755,0.012894907,2.09152E-34
535,GTCAC,7774,0.012863391,1.72961E-34
547,GTGAC,7774,0.012863391,1.72961E-34
186,ATCTC,7784,0.012846865,1.56501E-34
458,GAGAT,7784,0.012846865,1.56501E-34
286,CCATG,7785,0.012845215,1.54944E-34
356,CGCTA,7821,0.012786089,1.08101E-34
603,TAGCG,7821,0.012786089,1.08101E-34
16,AACAC,7823,0.01278282,1.0596E-34
554,GTGTT,7823,0.01278282,1.0596E-34
658,TCGCA,7826,0.01277792,1.02829E-34
704,TGCGA,7826,0.01277792,1.02829E-34
480,GCACA,7846,0.012745348,8.41889E-35
720,TGTGC,7846,0.012745348,8.41889E-35
746,TTCCC,7858,0.012725884,7.46689E-35
52,AATGT,7881,0.012688745,5.93269E-35
71,ACATT,7881,0.012688745,5.93269E-35
126,AGATC,7890,0.012674271,5.42207E-35
470,GATCT,7890,0.012674271,5.42207E-35
115,AGAAC,7893,0.012669454,5.26183E-35
560,GTTCT,7893,0.012669454,5.26183E-35
157,AGTTG,7910,0.012642225,4.43922E-35
223,CAACT,7910,0.012642225,4.43922E-35
277,CCACA,7913,0.012637432,4.30802E-35
179,ATCCC,7922,0.012623075,3.93723E-35
49,AATCT,7937,0.012599219,3.38881E-35
128,AGATT,7937,0.012599219,3.38881E-35
22,AACCT,8037,0.012442454,1.24667E-35
125,AGATA,8042,0.012434718,1.18587E-35
616,TATCT,8042,0.012434718,1.18587E-35
152,AGTGA,8049,0.012423904,1.1057E-35
631,TCACT,8049,0.012423904,1.1057E-35
86,ACCTT,8063,0.012402332,9.61249E-36
40,AAGTG,8105,0.012338063,6.31586E-36
245,CACTT,8105,0.012338063,6.31586E-36
540,GTCGA,8114,0.012324378,5.77226E-36
655,TCGAC,8114,0.012324378,5.77226E-36
304,CCGAC,8131,0.01229861,4.86985E-36
87,ACGAA,8172,0.012236907,3.23188E-36
751,TTCGT,8172,0.012236907,3.23188E-36
206,ATTCC,8179,0.012226434,3.01338E-36
578,TAATA,8187,0.012214486,2.7817E-36
620,TATTA,8187,0.012214486,2.7817E-36
444,GACAA,8206,0.012186205,2.30035E-36
765,TTGTC,8206,0.012186205,2.30035E-36
357,CGCTC,8212,0.012177302,2.16639E-36
559,GTTCC,8239,0.012137395,1.65378E-36
313,CCGTG,8245,0.012128563,1.55747E-36
469,GATCC,8246,0.012127092,1.54197E-36
325,CCTGT,8272,0.012088975,1.18894E-36
748,TTCCT,8284,0.012071463,1.0545E-36
523,GTAAC,8285,0.012070006,1.044E-36
556,GTTAC,8285,0.012070006,1.044E-36
54,AATTC,8304,0.012042389,8.63349E-37
443,GAATT,8304,0.012042389,8.63349E-37
456,GAGAA,8317,0.012023566,7.58103E-37
753,TTCTC,8317,0.012023566,7.58103E-37
513,GCTCA,8319,0.012020676,7.43091E-37
690,TGAGC,8319,0.012020676,7.43091E-37
156,AGTTC,8355,0.011968881,5.18437E-37
437,GAACT,8355,0.011968881,5.18437E-37
632,TCAGA,8357,0.011966017,5.08171E-37
674,TCTGA,8357,0.011966017,5.08171E-37
267,CATGC,8366,0.011953144,4.64434E-37
586,TACCA,8377,0.011937448,4.16055E-37
273,CCAAA,8402,0.011901928,3.24024E-37
116,AGAAG,8414,0.011884954,2.87384E-37
424,CTTCT,8414,0.011884954,2.87384E-37
60,ACAAT,8444,0.011842729,2.12899E-37
211,ATTGT,8444,0.011842729,2.12899E-37
303,CCGAA,8485,0.011785504,1.41291E-37
62,ACACC,8508,0.011753644,1.1226E-37
335,CGACC,8517,0.011741223,1.02598E-37
301,CCCTG,8604,0.011622501,4.29836E-38
331,CGAAC,8604,0.011622501,4.29836E-38
266,CATGA,8640,0.011574074,2.99886E-38
637,TCATG,8640,0.011574074,2.99886E-38
614,TATCC,8641,0.011572735,2.96902E-38
703,TGCCT,8652,0.011558021,2.65975E-38
450,GACGA,8663,0.011543345,2.3827E-38
663,TCGTC,8663,0.011543345,2.3827E-38
459,GAGCA,8681,0.01151941,1.9902E-38
708,TGCTC,8681,0.01151941,1.9902E-38
274,CCAAC,8693,0.011503509,1.76515E-38
55,AATTG,8694,0.011502185,1.74758E-38
230,CAATT,8694,0.011502185,1.74758E-38
327,CCTTC,8760,0.011415525,9.0324E-39
492,GCCCA,8803,0.011359764,5.87566E-39
111,ACTTC,8826,0.011330161,4.66841E-39
440,GAAGT,8826,0.011330161,4.66841E-39
369,CGTGC,8854,0.01129433,3.52831E-39
312,CCGTC,8932,0.011195701,1.6174E-39
130,AGCAC,8941,0.011184431,1.47819E-39
551,GTGCT,8941,0.011184431,1.47819E-39
270,CATTC,8960,0.011160714,1.2224E-39
500,GCCTT,8985,0.011129661,9.52008E-40
127,AGATG,9008,0.011101243,7.56403E-40
265,CATCT,9008,0.011101243,7.56403E-40
193,ATGCA,9022,0.011084017,6.57585E-40
699,TGCAT,9022,0.011084017,6.57585E-40
701,TGCCC,9024,0.01108156,6.44564E-40
78,ACCCG,9056,0.011042403,4.68049E-40
23,AACGA,9059,0.011038746,4.54216E-40
665,TCGTT,9059,0.011038746,4.54216E-40
47,AATCC,9086,0.011005943,3.4674E-40
58,ACAAC,9093,0.010997471,3.23298E-40
563,GTTGT,9093,0.010997471,3.23298E-40
72,ACCAA,9125,0.010958904,2.34762E-40
53,AATTA,9156,0.0109218,1.72186E-40
581,TAATT,9156,0.0109218,1.72186E-40
258,CATAA,9192,0.010879025,1.2013E-40
739,TTATG,9192,0.010879025,1.2013E-40
329,CCTTT,9217,0.010849517,9.35573E-41
254,CAGTA,9260,0.010799136,6.08599E-41
595,TACTG,9260,0.010799136,6.08599E-41
34,AAGCA,9262,0.010796804,5.96548E-41
710,TGCTT,9262,0.010796804,5.96548E-41
107,ACTGA,9395,0.01064396,1.57773E-41
634,TCAGT,9395,0.01064396,1.57773E-41
164,ATACC,9399,0.01063943,1.51587E-41
550,GTGCC,9445,0.010587612,9.56943E-42
334,CGACA,9485,0.010542963,6.41458E-42
717,TGTCG,9485,0.010542963,6.41458E-42
132,AGCAT,9516,0.010508617,4.70476E-42
196,ATGCT,9516,0.010508617,4.70476E-42
43,AATAC,9558,0.01046244,3.09124E-42
533,GTATT,9558,0.01046244,3.09124E-42
368,CGTGA,9563,0.01045697,2.94048E-42
630,TCACG,9563,0.01045697,2.94048E-42
10,AAAGT,9566,0.01045369,2.85358E-42
113,ACTTT,9566,0.01045369,2.85358E-42
90,ACGAT,9602,0.010414497,1.99087E-42
184,ATCGT,9602,0.010414497,1.99087E-42
33,AAGAT,9675,0.010335917,9.5942E-43
188,ATCTT,9675,0.010335917,9.5942E-43
447,GACCA,9736,0.010271159,5.21302E-43
360,CGTAA,9765,0.010240655,3.90071E-43
732,TTACG,9765,0.010240655,3.90071E-43
279,CCACG,9816,0.010187449,2.34236E-43
372,CGTTC,9842,0.010160536,1.80608E-43
69,ACATC,9874,0.010127608,1.31148E-43
473,GATGT,9874,0.010127608,1.31148E-43
572,TAACC,9878,0.010123507,1.26006E-43
7,AAACT,9908,0.010092854,9.33475E-44
158,AGTTT,9908,0.010092854,9.33475E-44
214,ATTTG,9960,0.010040161,5.5497E-44
219,CAAAT,9960,0.010040161,5.5497E-44
135,AGCCG,9975,0.010025063,4.77667E-44
190,ATGAC,9991,0.010009008,4.07041E-44
536,GTCAT,9991,0.010009008,4.07041E-44
346,CGCAC,9994,0.010006004,3.95011E-44
474,GATTA,10010,0.00999001,3.36606E-44
579,TAATC,10010,0.00999001,3.36606E-44
332,CGAAG,10035,0.009965122,2.62149E-44
423,CTTCG,10035,0.009965122,2.62149E-44
564,GTTTA,10046,0.009954211,2.34842E-44
568,TAAAC,10046,0.009954211,2.34842E-44
290,CCCAG,10068,0.009932459,1.88465E-44
80,ACCGA,10135,0.009866798,9.64393E-45
18,AACAT,10221,0.009783778,4.08095E-45
200,ATGTT,10221,0.009783778,4.08095E-45
696,TGCAA,10252,0.009754194,2.99316E-45
760,TTGCA,10252,0.009754194,2.99316E-45
441,GAATA,10273,0.009734255,2.42621E-45
621,TATTC,10273,0.009734255,2.42621E-45
221,CAACC,10283,0.009724788,2.19532E-45
202,ATTAC,10318,0.009691801,1.54702E-45
524,GTAAT,10318,0.009691801,1.54702E-45
244,CACTG,10352,0.009659969,1.10112E-45
256,CAGTG,10352,0.009659969,1.10112E-45
48,AATCG,10369,0.009644132,9.28977E-46
344,CGATT,10369,0.009644132,9.28977E-46
247,CAGAC,10383,0.009631128,8.07614E-46
212,ATTTA,10412,0.009604303,6.04308E-46
570,TAAAT,10412,0.009604303,6.04308E-46
228,CAATC,10438,0.009580379,4.65953E-46
263,CATCC,10464,0.009556575,3.59274E-46
35,AAGCC,10486,0.009536525,2.88324E-46
178,ATCCA,10509,0.009515653,2.29083E-46
306,CCGAT,10514,0.009511128,2.17911E-46
624,TCAAA,10556,0.009473285,1.43177E-46
776,TTTGA,10556,0.009473285,1.43177E-46
108,ACTGC,10657,0.009383504,5.21479E-47
485,GCAGT,10657,0.009383504,5.21479E-47
336,CGACG,10668,0.009373828,4.67159E-47
366,CGTCG,10668,0.009373828,4.67159E-47
428,CTTTA,10679,0.009364173,4.18497E-47
569,TAAAG,10679,0.009364173,4.18497E-47
741,TTCAA,10714,0.009333582,2.9491E-47
756,TTGAA,10714,0.009333582,2.9491E-47
435,GAACA,10748,0.009304057,2.09908E-47
723,TGTTC,10748,0.009304057,2.09908E-47
182,ATCGA,10772,0.009283327,1.6512E-47
657,TCGAT,10772,0.009283327,1.6512E-47
269,CATTA,10810,0.009250694,1.12919E-47
580,TAATG,10810,0.009250694,1.12919E-47
507,GCGTA,10839,0.009225943,8.44931E-48
591,TACGC,10839,0.009225943,8.44931E-48
25,AACGT,10841,0.009224241,8.282E-48
98,ACGTT,10841,0.009224241,8.282E-48
218,CAAAG,10887,0.009185267,5.22829E-48
430,CTTTG,10887,0.009185267,5.22829E-48
160,ATAAC,10905,0.009170105,4.36704E-48
557,GTTAT,10905,0.009170105,4.36704E-48
613,TATCA,10912,0.009164223,4.0718E-48
692,TGATA,10912,0.009164223,4.0718E-48
91,ACGCA,10914,0.009162544,3.99117E-48
706,TGCGT,10914,0.009162544,3.99117E-48
342,CGATC,10956,0.009127419,2.62239E-48
686,TGACC,10964,0.009120759,2.42077E-48
50,AATGA,10966,0.009119095,2.37283E-48
638,TCATT,10966,0.009119095,2.37283E-48
75,ACCAT,10972,0.009114109,2.23465E-48
422,CTTCC,10972,0.009114109,2.23465E-48
502,GCGAC,10985,0.009103323,1.96224E-48
541,GTCGC,10985,0.009103323,1.96224E-48
180,ATCCG,10998,0.009092562,1.72303E-48
648,TCCGC,11025,0.009070295,1.31533E-48
489,GCCAA,11039,0.009058792,1.14349E-48
82,ACCGT,11147,0.008971024,3.88324E-49
468,GATCA,11156,0.008963786,3.54901E-49
693,TGATC,11156,0.008963786,3.54901E-49
297,CCCGC,11168,0.008954155,3.14769E-49
558,GTTCA,11210,0.008920607,2.06818E-49
682,TGAAC,11210,0.008920607,2.06818E-49
209,ATTGA,11237,0.008899172,1.57881E-49
627,TCAAT,11237,0.008899172,1.57881E-49
142,AGCTG,11272,0.00887154,1.11257E-49
253,CAGCT,11272,0.00887154,1.11257E-49
205,ATTCA,11275,0.00886918,1.07969E-49
684,TGAAT,11275,0.00886918,1.07969E-49
227,CAATA,11303,0.008847209,8.16009E-50
622,TATTG,11303,0.008847209,8.16009E-50
30,AAGAA,11321,0.008833142,6.81588E-50
755,TTCTT,11321,0.008833142,6.81588E-50
162,ATAAT,11351,0.008809796,5.04933E-50
204,ATTAT,11351,0.008809796,5.04933E-50
57,ACAAA,11377,0.008789663,3.89329E-50
778,TTTGT,11377,0.008789663,3.89329E-50
433,GAAAC,11400,0.00877193,3.09335E-50
565,GTTTC,11400,0.00877193,3.09335E-50
350,CGCCC,11402,0.008770391,3.0321E-50
652,TCCTG,11428,0.008750438,2.3379E-50
73,ACCAC,11452,0.008732099,1.83906E-50
439,GAAGC,11481,0.008710043,1.3761E-50
520,GCTTC,11481,0.008710043,1.3761E-50
555,GTTAA,11513,0.008685833,9.99255E-51
727,TTAAC,11513,0.008685833,9.99255E-51
229,CAATG,11536,0.008668516,7.93942E-51
271,CATTG,11536,0.008668516,7.93942E-51
137,AGCGA,11590,0.008628128,4.62668E-51
661,TCGCT,11590,0.008628128,4.62668E-51
287,CCATT,11605,0.008616975,3.98222E-51
490,GCCAC,11629,0.008599192,3.13253E-51
352,CGCCT,11699,0.008547739,1.55557E-51
726,TTAAA,11739,0.008518613,1.04273E-51
768,TTTAA,11739,0.008518613,1.04273E-51
278,CCACC,11744,0.008514986,9.91873E-52
371,CGTTA,11745,0.008514261,9.82004E-52
573,TAACG,11745,0.008514261,9.82004E-52
451,GACGC,11769,0.008496899,7.72471E-52
508,GCGTC,11769,0.008496899,7.72471E-52
481,GCACC,11775,0.008492569,7.27486E-52
195,ATGCG,11827,0.00845523,4.32505E-52
348,CGCAT,11827,0.00845523,4.32505E-52
314,CCGTT,11858,0.008433125,3.1722E-52
217,CAAAC,11886,0.008413259,2.3975E-52
171,ATATC,11924,0.008386448,1.63955E-52
467,GATAT,11924,0.008386448,1.63955E-52
429,CTTTC,11971,0.008353521,1.02473E-52
747,TTCCG,11977,0.008349336,9.6505E-53
745,TTCCA,12044,0.008302889,4.93824E-53
66,ACAGC,12052,0.008297378,4.55857E-53
518,GCTGT,12052,0.008297378,4.55857E-53
11,AAATA,12114,0.008254912,2.45226E-53
623,TATTT,12114,0.008254912,2.45226E-53
13,AAATG,12164,0.00822098,1.48737E-53
272,CATTT,12164,0.00822098,1.48737E-53
561,GTTGA,12176,0.008212878,1.31918E-53
625,TCAAC,12176,0.008212878,1.31918E-53
15,AACAA,12246,0.008165932,6.55085E-54
767,TTGTT,12246,0.008165932,6.55085E-54
8,AAAGA,12258,0.008157938,5.81008E-54
680,TCTTT,12258,0.008157938,5.81008E-54
187,ATCTG,12274,0.008147303,4.95103E-54
249,CAGAT,12274,0.008147303,4.95103E-54
175,ATCAC,12322,0.008115566,3.06361E-54
548,GTGAT,12322,0.008115566,3.06361E-54
85,ACCTG,12351,0.00809651,2.29239E-54
522,GTAAA,12353,0.0080952,2.247E-54
769,TTTAC,12353,0.0080952,2.247E-54
93,ACGCG,12391,0.008070374,1.53664E-54
355,CGCGT,12391,0.008070374,1.53664E-54
133,AGCCA,12409,0.008058667,1.28351E-54
177,ATCAT,12426,0.008047642,1.08285E-54
192,ATGAT,12426,0.008047642,1.08285E-54
546,GTGAA,12427,0.008046994,1.07207E-54
742,TTCAC,12427,0.008046994,1.07207E-54
330,CGAAA,12428,0.008046347,1.06141E-54
774,TTTCG,12428,0.008046347,1.06141E-54
2,AAAAG,12452,0.008030838,8.34932E-55
431,CTTTT,12452,0.008030838,8.34932E-55
495,GCCGA,12485,0.008009612,6.00252E-55
497,GCCGT,12498,0.00800128,5.27079E-55
421,CTTCA,12514,0.00799105,4.49147E-55
683,TGAAG,12514,0.00799105,4.49147E-55
409,CTGCA,12529,0.007981483,3.86584E-55
698,TGCAG,12529,0.007981483,3.86584E-55
364,CGTCA,12537,0.00797639,3.56862E-55
687,TGACG,12537,0.00797639,3.56862E-55
309,CCGCG,12594,0.007940289,2.01815E-55
220,CAACA,12647,0.007907014,1.18789E-55
724,TGTTG,12647,0.007907014,1.18789E-55
19,AACCA,12650,0.007905138,1.15278E-55
406,CTGAC,12676,0.007888924,8.88856E-56
94,ACGCT,12709,0.00786844,6.3902E-56
139,AGCGT,12709,0.00786844,6.3902E-56
240,CACGC,12725,0.007858546,5.44537E-56
201,ATTAA,12729,0.007856077,5.23185E-56
729,TTAAT,12729,0.007856077,5.23185E-56
731,TTACC,12742,0.007848062,4.59406E-56
4,AAACA,12754,0.007840677,4.07457E-56
725,TGTTT,12754,0.007840677,4.07457E-56
353,CGCGA,12773,0.007829014,3.3695E-56
660,TCGCG,12773,0.007829014,3.3695E-56
773,TTTCC,12773,0.007829014,3.3695E-56
341,CGATA,12775,0.007827789,3.30278E-56
615,TATCG,12775,0.007827789,3.30278E-56
114,AGAAA,12845,0.00778513,1.64011E-56
775,TTTCT,12845,0.00778513,1.64011E-56
438,GAAGA,12868,0.007771215,1.30312E-56
678,TCTTC,12868,0.007771215,1.30312E-56
21,AACCG,12912,0.007744734,8.3926E-57
222,CAACG,12927,0.007735747,7.22358E-57
373,CGTTG,12927,0.007735747,7.22358E-57
45,AATAT,12948,0.0077232,5.85532E-57
173,ATATT,12948,0.0077232,5.85532E-57
285,CCATC,12952,0.007720815,5.62573E-57
51,AATGC,13018,0.007681672,2.90766E-57
488,GCATT,13018,0.007681672,2.90766E-57
189,ATGAA,13029,0.007675186,2.60479E-57
744,TTCAT,13029,0.007675186,2.60479E-57
194,ATGCC,13081,0.007644675,1.5486E-57
345,CGCAA,13112,0.007626602,1.13581E-57
762,TTGCG,13112,0.007626602,1.13581E-57
14,AAATT,13164,0.007596475,6.75265E-58
56,AATTT,13164,0.007596475,6.75265E-58
213,ATTTC,13185,0.007584376,5.47359E-58
434,GAAAT,13185,0.007584376,5.47359E-58
129,AGCAA,13196,0.007578054,4.90343E-58
763,TTGCT,13196,0.007578054,4.90343E-58
36,AAGCG,13223,0.00756258,3.74318E-58
359,CGCTT,13223,0.00756258,3.74318E-58
483,GCAGA,13238,0.007554011,3.22178E-58
675,TCTGC,13238,0.007554011,3.22178E-58
310,CCGCT,13343,0.007494566,1.12742E-58
17,AACAG,13384,0.007471608,7.48215E-59
416,CTGTT,13384,0.007471608,7.48215E-59
588,TACCG,13393,0.007466587,6.83817E-59
307,CCGCA,13431,0.007445462,4.67636E-59
567,TAAAA,13528,0.007392076,1.77273E-59
779,TTTTA,13528,0.007392076,1.77273E-59
323,CCTGA,13617,0.007343761,7.27982E-60
5,AAACC,13697,0.007300869,3.27103E-60
246,CAGAA,13716,0.007290755,2.70501E-60
754,TTCTG,13716,0.007290755,2.70501E-60
478,GCAAC,13805,0.007243752,1.11083E-60
562,GTTGC,13805,0.007243752,1.11083E-60
42,AATAA,13926,0.007180813,3.31246E-61
740,TTATT,13926,0.007180813,3.31246E-61
6,AAACG,14118,0.007083156,4.85629E-62
374,CGTTT,14118,0.007083156,4.85629E-62
12,AAATC,14151,0.007066638,3.49131E-62
476,GATTT,14151,0.007066638,3.49131E-62
131,AGCAG,14204,0.00704027,2.055E-62
412,CTGCT,14204,0.00704027,2.055E-62
472,GATGC,14307,0.006989586,7.33649E-63
487,GCATC,14307,0.006989586,7.33649E-63
28,AACTG,14376,0.006956038,3.67981E-63
257,CAGTT,14376,0.006956038,3.67981E-63
46,AATCA,14388,0.006950236,3.2637E-63
695,TGATT,14388,0.006950236,3.2637E-63
491,GCCAT,14411,0.006939144,2.59312E-63
174,ATCAA,14465,0.006913239,1.51113E-63
759,TTGAT,14465,0.006913239,1.51113E-63
264,CATCG,14522,0.006886104,8.54585E-64
343,CGATG,14522,0.006886104,8.54585E-64
210,ATTGC,14598,0.006850253,3.99661E-64
479,GCAAT,14598,0.006850253,3.99661E-64
283,CCAGT,14618,0.006840881,3.27215E-64
629,TCACC,14735,0.006786563,1.01557E-64
501,GCGAA,14739,0.006784721,9.75745E-65
750,TTCGC,14739,0.006784721,9.75745E-65
410,CTGCC,14764,0.006773232,7.59911E-65
251,CAGCC,14870,0.00672495,2.63276E-65
9,AAAGC,14948,0.006689858,1.20687E-65
521,GCTTT,14948,0.006689858,1.20687E-65
281,CCAGA,15029,0.006653803,5.36886E-66
237,CACCG,15137,0.006606329,1.82324E-66
465,GATAA,15180,0.006587615,1.18604E-66
738,TTATC,15180,0.006587615,1.18604E-66
81,ACCGC,15492,0.006454944,5.2372E-68
324,CCTGC,15531,0.006438735,3.54588E-68
471,GATGA,15579,0.006418897,2.19413E-68
636,TCATC,15579,0.006418897,2.19413E-68
405,CTGAA,15592,0.006413545,1.92666E-68
743,TTCAG,15592,0.006413545,1.92666E-68
159,ATAAA,15638,0.00639468,1.21627E-68
771,TTTAT,15638,0.00639468,1.21627E-68
641,TCCAG,15711,0.006364967,5.8613E-69
138,AGCGC,15786,0.006334727,2.76868E-69
506,GCGCT,15786,0.006334727,2.76868E-69
216,CAAAA,15851,0.00630875,1.44538E-69
781,TTTTG,15851,0.00630875,1.44538E-69
347,CGCAG,15918,0.006282196,7.39613E-70
411,CTGCG,15918,0.006282196,7.39613E-70
176,ATCAG,15961,0.006265272,4.81125E-70
408,CTGAT,15961,0.006265272,4.81125E-70
92,ACGCC,16193,0.006175508,4.72819E-71
74,ACCAG,16358,0.006113217,9.08048E-72
681,TGAAA,16763,0.005965519,1.58203E-73
772,TTTCA,16763,0.005965519,1.58203E-73
24,AACGC,16874,0.005926277,5.21374E-74
509,GCGTT,16874,0.005926277,5.21374E-74
700,TGCCA,16893,0.005919612,4.31155E-74
505,GCGCC,17020,0.005875441,1.21082E-74
235,CACCA,17144,0.005832944,3.50392E-75
1,AAAAC,17145,0.005832604,3.46905E-75
566,GTTTT,17145,0.005832604,3.46905E-75
516,GCTGA,17661,0.005662194,1.99183E-77
633,TCAGC,17661,0.005662194,1.99183E-77
308,CCGCC,17728,0.005640794,1.01923E-77
183,ATCGC,17734,0.005638886,9.59879E-78
503,GCGAT,17734,0.005638886,9.59879E-78
761,TTGCC,17807,0.005615769,4.62574E-78
484,GCAGC,17989,0.005558953,7.4949E-79
517,GCTGC,17989,0.005558953,7.4949E-79
3,AAAAT,18036,0.005544467,4.68433E-79
215,ATTTT,18036,0.005544467,4.68433E-79
477,GCAAA,18249,0.005479752,5.56673E-80
777,TTTGC,18249,0.005479752,5.56673E-80
432,GAAAA,18254,0.005478251,5.29524E-80
780,TTTTC,18254,0.005478251,5.29524E-80
504,GCGCA,18680,0.005353319,7.47809E-82
705,TGCGC,18680,0.005353319,7.47809E-82
354,CGCGC,18694,0.00534931,6.50114E-82
262,CATCA,18718,0.005342451,5.11398E-82
694,TGATG,18718,0.005342451,5.11398E-82
659,TCGCC,18732,0.005338458,4.44588E-82
496,GCCGC,19411,0.005151718,5.00148E-85
351,CGCCG,20443,0.00489165,1.64884E-89
702,TGCCG,20528,0.004871395,7.0474E-90
0,AAAAA,23134,0.004322642,3.3909E-101
782,TTTTT,23134,0.004322642,3.3909E-101
250,CAGCA,23734,0.004213365,8.4052E-104
709,TGCTG,23734,0.004213365,8.4052E-104
252,CAGCG,24172,0.004137018,1.0528E-105
358,CGCTG,24172,0.004137018,1.0528E-105
349,CGCCA,26129,0.003827165,3.3358E-114
282,CCAGC,26346,0.003795643,3.8087E-115
